{
  "source": "IEEE 802.11 TGac reference waveform generator (11-14/0571r10, CSR)",
  "description": "VHT-SIG-A frequency-domain symbols (64 subcarriers x 2 OFDM symbols)",
  "mcs": 0,
  "length": 128,
  "real": [
    0,0,0,0,0,0,-1,1,
    -1,-1,1,1,1,-1,-1,-1,
    -1,-1,1,1,-1,1,1,-1,
    1,1,-1,-1,-1,1,-1,-1,
    0,1,-1,-1,1,-1,-1,1,
    1,1,-1,1,1,1,-1,-1,
    1,-1,1,1,1,-1,-1,1,
    -1,-1,1,0,0,0,0,0,
    0,0,0,0,0,0,6.12323399573677e-17,-6.12323399573677e-17,
    -6.12323399573677e-17,6.12323399573677e-17,-6.12323399573677e-17,1,6.12323399573677e-17,-6.12323399573677e-17,6.12323399573677e-17,6.12323399573677e-17,
    6.12323399573677e-17,6.12323399573677e-17,-6.12323399573677e-17,6.12323399573677e-17,-6.12323399573677e-17,6.12323399573677e-17,-6.12323399573677e-17,6.12323399573677e-17,
    6.12323399573677e-17,1,-6.12323399573677e-17,-6.12323399573677e-17,6.12323399573677e-17,-6.12323399573677e-17,-6.12323399573677e-17,6.12323399573677e-17,
    0,6.12323399573677e-17,6.12323399573677e-17,-6.12323399573677e-17,-6.12323399573677e-17,-6.12323399573677e-17,-6.12323399573677e-17,1,
    -6.12323399573677e-17,6.12323399573677e-17,6.12323399573677e-17,6.12323399573677e-17,6.12323399573677e-17,-6.12323399573677e-17,6.12323399573677e-17,-6.12323399573677e-17,
    6.12323399573677e-17,6.12323399573677e-17,6.12323399573677e-17,6.12323399573677e-17,-6.12323399573677e-17,-1,6.12323399573677e-17,-6.12323399573677e-17,
    -6.12323399573677e-17,6.12323399573677e-17,-6.12323399573677e-17,0,0,0,0,0
  ],
  "imag": [
    0,0,0,0,0,0,0,0,
    0,0,0,0,0,0,0,0,
    0,0,0,0,0,0,0,0,
    0,0,0,0,0,0,0,0,
    0,0,0,0,0,0,0,0,
    0,0,0,0,0,0,0,0,
    0,0,0,0,0,0,0,0,
    0,0,0,0,0,0,0,0,
    0,0,0,0,0,0,1,-1,
    -1,1,-1,0,1,-1,1,1,
    1,1,-1,1,-1,1,-1,1,
    1,0,-1,-1,1,-1,-1,1,
    0,1,1,-1,-1,-1,-1,0,
    -1,1,1,1,1,-1,1,-1,
    1,1,1,1,-1,0,1,-1,
    -1,1,-1,0,0,0,0,0
  ]
}
